chunking,retrieval,rerank,faithfulness,relevancy,retrieval_time,generation_time,total_time
recursive,hybrid,True,0.6666666666666666,0.7383802135785421,0.010533033336590355,15.57760900000479,15.588142033341379
semantic,semantic,False,0.625,0.6781304478645325,0.006992033328666973,1.8719757333310554,1.8789677666597224
fixed,hybrid,True,0.5833333333333334,0.8042558828989664,0.01005533333227504,18.013179400004447,18.02323473333672
semantic,hybrid,True,0.3333333333333333,0.6766270597775778,0.014896833337843418,1.5989456666623785,1.613842500000222
fixed,semantic,False,0.3333333333333333,0.5655445754528046,0.04201549999803925,17.763352466664703,17.805367966662743
recursive,semantic,False,0.2916666666666667,0.7500603298346201,0.00717886666340443,15.573441766668111,15.580620633331515
